Afghanistan,AF,33.98299275,66.39159363
Åland Islands,AX,60.25403213,20.3591835
Albania,AL,41.00017358,19.87170014
Algeria,DZ,27.8986169,3.19771194
American Samoa,AS,-14.30634641,-170.6950175
Andorra,AD,42.54057088,1.5520134
Angola,AO,-12.16469683,16.70933622
Anguilla,AI,18.22053521,-63.068613
Antarctica,AQ,-45.13806295,10.48095703
Antigua and Barbuda,AG,17.48060423,-61.42014426
Argentina,AR,-38.01529308,-64.97897469
Armenia,AM,40.13475528,45.01072318
Aruba,AW,12.52109661,-69.968338
Australia,AU,-26.29594646,133.5554094
Austria,AT,47.63125476,13.18776731
Azerbaijan,AZ,40.35321757,47.46706372
Bahamas,BS,24.45991732,-77.68192453
Bahrain,BH,25.90740996,50.65932354
Bangladesh,BD,24.08273251,90.49915527
Barbados,BB,13.19383077,-59.543196
Belarus,BY,53.58628747,27.953389
Belgium,BE,50.49593874,4.469936
Belize,BZ,17.21153631,-88.01424956
Benin,BJ,9.37180859,2.29386134
Bermuda,BM,32.31995785,-64.76182765
Bhutan,BT,27.50752756,90.433603
Bolivia,BO,-16.74518128,-65.19265691
Bosnia and Herzegovina,BA,44.00040856,17.8164091
Botswana,BW,-22.18279485,24.22344422
Bouvet Island,BV,-54.42316906,3.413196
Brazil,BR,-11.80965046,-53.331526
British Indian Ocean Territory,IO,-7.33461519,72.4242528
Brunei Darussalam,BN,4.54189364,114.6013282
Bulgaria,BG,42.70160678,25.485832
Burkina Faso,BF,12.22492458,-1.561591
Burundi,BI,-3.40499707,29.88592902
Cabo Verde,CV,15.11988711,-23.6051701
Cambodia,KH,12.83288883,104.8481427
Cameroon,CM,7.38622543,12.72825915
Canada,CA,60.36196817,-106.6983315
Cayman Islands,KY,19.31322102,-81.254598
Central African Republic,CF,6.8254183,20.64281514
Chad,TD,14.80342407,18.78714064
Chile,CL,-38.0176079,-71.40014474
China,CN,36.7145744,103.558192
Christmas Island,CX,-10.49170619,105.680838
Cocos (Keeling) Islands,CC,-12.12890685,96.84689104
Colombia,CO,3.6818232,-73.53927436
Comoros,KM,-11.64529989,43.333302
Congo,CG,-0.68967806,15.6903319
Cook Islands,CK,-21.23673066,-159.777669
Costa Rica,CR,9.98427463,-84.09949534
Côte d'Ivoire,CI,7.59684148,-5.49214636
Croatia,HR,44.81372482,16.29039507
Cuba,CU,21.54513189,-79.00064743
Curaçao,CW,12.20710309,-69.02160369
Cyprus,CY,35.12450768,33.429861
Czechia,CZ,49.76026136,15.53888197
North Korea,KP,40.007855,127.4881283
Democratic Republic of the Congo,CD,-4.05373938,23.01110741
Denmark,DK,54.71794021,9.41938953
Djibouti,DJ,11.75959257,42.65344839
Dominica,DM,15.41473963,-61.370974
Dominican Republic,DO,18.73076761,-70.162649
Ecuador,EC,-1.22919037,-78.55693916
Egypt,EG,26.71650873,30.8025
El Salvador,SV,13.79043561,-88.896528
Equatorial Guinea,GQ,1.65068442,10.267897
Eritrea,ER,15.21227764,39.61204792
Estonia,EE,58.74041141,25.38165099
Eswatini,SZ,-26.5389257,31.47960891
Ethiopia,ET,9.10727589,39.84148164
European Union,EU,48.76380654,14.2684314
Falkland Islands (Malvinas),FK,-51.78838251,-59.523611
Faroe Islands (Associate Member),FO,61.88590482,-6.911804
Fiji,FJ,-17.71219757,178.065036
Finland,FI,64.69610892,26.36339137
France,FR,46.48372145,2.60926281
French Guiana,GF,4.01114381,-52.97746057
French Polynesia,PF,-17.66243898,-149.406839
French Southern and Antarctic Lands,TF,-49.27235903,69.348563
Gabon,GA,-0.43426435,11.43916591
Gambia,GM,13.15921146,-15.35956748
Georgia,GE,41.82754301,44.17329916
Germany,DE,50.82871201,10.97887975
Ghana,GH,7.69154199,-1.29234904
Gibraltar,GI,36.14864641,-5.34404779
Greece,GR,38.52254746,24.53794505
Greenland,GL,71.42932629,-34.38651956
Grenada,GD,12.11644807,-61.678994
Guadeloupe,GP,16.26472785,-61.550994
Guam,GU,13.44410137,144.8074779
Guatemala,GT,15.72598421,-89.96707712
Guernsey,GG,49.46565975,-2.585272
Guinea,GN,9.94301472,-11.31711839
Guinea-Bissau,GW,11.80050682,-15.180407
Guyana,GY,4.47957059,-58.72692293
Haiti,HT,19.07430861,-72.79607526
Heard Island And McDonald Islands,HM,-53.08168847,73.504158
Holy See,VA,41.9037781,12.45340142
Honduras,HN,14.64994423,-87.01643713
Hong Kong,HK,22.33728531,114.1465779
Hungary,HU,46.97670384,19.35499657
Iceland,IS,64.99294495,-18.57038755
India,IN,20.46549519,78.50146222
Indonesia,ID,-2.4622968,121.1832979
Iran (Islamic Republic of),IR,31.40240324,51.28204814
Iraq,IQ,32.90170182,43.19590056
Ireland,IE,53.10101628,-8.21092302
Isle of Man,IM,54.23562697,-4.548054
Israel,IL,30.85883075,34.91753797
Italy,IT,41.7781084,12.67725128
Jamaica,JM,18.10838487,-77.297506
Japan,JP,37.51848822,137.6706606
Jersey,JE,49.21440771,-2.131246
Jordan,JO,31.31616588,36.3757551
Kazakhstan,KZ,45.38592596,68.81334444
Kenya,KE,0.19582452,37.97212297
Kiribati,KI,1.87085244,-157.3625931
Kuwait,KW,29.43253341,47.71798405
Kyrgyzstan,KG,41.11509878,74.25524574
Lao People's Democratic Republic,LA,17.76075593,103.6161135
Latvia,LV,56.86697515,24.54826936
Lebanon,LB,34.08249284,35.66454309
Lesotho,LS,-29.60303205,28.233612
Liberia,LR,6.44154681,-9.39103485
Libya,LY,27.06902914,18.19513987
Liechtenstein,LI,47.16587383,9.555377
Lithuania,LT,55.25095948,23.80987587
Luxembourg,LU,49.81327712,6.129587
Macao,MO,22.19872287,113.543877
Madagascar,MG,-19.79858543,46.97898228
Malawi,MW,-12.48684092,34.14223524
Malaysia,MY,4.97345793,106.5460905
Maldives,MV,-0.64224221,73.13373313
Mali,ML,17.69385811,-1.9636873
Malta,MT,35.89706403,14.43687877
Marshall Islands,MH,7.30130732,168.7551262
Martinique,MQ,14.64128045,-61.024176
Mauritania,MR,20.28331239,-10.21573334
Mauritius,MU,-20.28368188,57.56588291
Mayotte,YT,-12.82744522,45.166242
Mexico,MX,22.92036676,-102.3330534
Micronesia (Federated States of),FM,6.88747377,158.2150717
Monaco,MC,43.7046362,6.75444978
Mongolia,MN,46.8055627,104.3080898
Montenegro,ME,42.7169959,19.09699321
Montserrat,MS,16.74774077,-62.187366
Morocco,MA,31.95441758,-7.26839325
Mozambique,MZ,-19.07617816,33.81570282
Myanmar,MM,19.2098538,96.54949272
Namibia,NA,-22.7096562,16.72161918
Nauru,NR,-0.52586763,166.9327046
Nepal,NP,28.2843077,83.98119373
Netherlands,NL,52.33939951,4.98914998
New Caledonia,NC,-21.2610402,165.5878376
New Zealand,NZ,-40.95025298,171.7658618
Nicaragua,NI,12.91806226,-84.82270352
Niger,NE,17.23446679,8.2354786
Nigeria,NG,9.02165273,7.82933373
Niue,NU,-19.04976362,-169.8658557
Norfolk Island,NF,-29.02801043,167.9430302
North Macedonia,MK,41.60059479,21.745279
Northern Mariana Islands,MP,15.09783636,145.6739
Norway,NO,65.04680297,13.50069228
Oman,OM,20.69906846,56.69230596
Pakistan,PK,29.90335974,70.34487986
Palau,PW,7.49856307,134.572915
"Palestinian Territory, Occupied",PS,32.26367103,35.21936714
Panama,PA,8.52135102,-80.04603702
Papua New Guinea,PG,-6.62414046,144.4499348
Paraguay,PY,-23.38564782,-58.29551057
Peru,PE,-8.50205247,-76.15772412
Philippines,PH,12.823612,121.774017
Pitcairn Islands,PN,-24.37673925,-128.3242373
Poland,PL,52.10117636,19.33190957
Portugal,PT,39.44879136,-8.03768042
Puerto Rico,PR,18.21963053,-66.590151
Qatar,QA,25.24551555,51.2443148
Republic of Korea,KR,36.56344139,127.5142465
Republic of Moldova,MD,47.10710437,28.54018109
Réunion,RE,-21.11480084,55.536382
Romania,RO,45.56450023,25.21945155
Russian Federation,RU,57.96812298,102.4183714
Rwanda,RW,-1.98589079,29.94255855
Saint Barthélemy,BL,17.90042417,-62.83376215
"Saint Helena, Ascension and Tristan da Cunha",SH,-37.10521846,-12.2776858
Saint Kitts and Nevis,KN,17.33453669,-62.76411725
Saint Lucia,LC,13.90938495,-60.978895
Saint Martin,MF,18.07637107,-63.05019106
Saint Pierre and Miquelon,PM,46.88469499,-56.315902
Saint Vincent and the Grenadines,VC,13.25276143,-61.197098
Samoa,WS,-13.57998954,-172.4520736
San Marino,SM,43.94223356,12.457777
Sao Tome and Principe,ST,0.2338191,6.59935809
Saudi Arabia,SA,24.16687314,42.88190638
Senegal,SN,14.43579003,-14.68306489
Serbia,RS,44.06736041,20.29725084
Seychelles,SC,-4.68053204,55.49061371
Sierra Leone,SL,8.45575589,-11.93368759
Singapore,SG,1.33873261,103.8332356
Sint Maarten,SX,18.04433885,-63.0561632
Slovakia,SK,48.66923253,19.75396564
Slovenia,SI,46.14315048,14.995463
Solomon Islands,SB,-9.6455428,160.156194
Somalia,SO,2.87224619,45.27676444
South Africa,ZA,-27.17706863,24.50856092
South Georgia and the South Sandwich Islands,GS,-54.38130284,-36.67305304
South Sudan,SS,7.91320803,30.15342434
Spain,ES,39.87299401,-3.67089492
Sri Lanka,LK,7.61264985,80.83772497
Sudan,SD,15.96646839,30.37145459
Suriname,SR,4.26470865,-55.93988238
Svalbard and Jan Mayen,SJ,77.92215764,18.99010622
Sweden,SE,61.42370427,16.73188991
Switzerland,CH,46.81010721,8.227512
Syrian Arab Republic,SY,34.7109743,38.66723516
Taiwan,TW,23.71891402,121.1088404
Tajikistan,TJ,38.68075124,71.23215769
Thailand,TH,14.6000981,101.3880588
Timor-Leste,TL,-8.88926365,125.996714
Togo,TG,8.68089206,0.86049757
Tokelau (Associate Member),TK,-9.16682644,-171.8398169
Tonga,TO,-21.17890075,-175.198242
Trinidad and Tobago,TT,10.43241863,-61.222503
Tunisia,TN,33.8843194,9.71878341
Türkiye,TR,38.27069555,36.28703317
Turkmenistan,TM,38.94915421,59.06190323
Turks and Caicos Islands,TC,21.72816866,-71.79654471
Tuvalu,TV,-8.45968122,179.1331094
Uganda,UG,1.5476062,32.44409759
Ukraine,UA,48.89358596,31.1051692
United Arab Emirates,AE,24.64324405,53.62261227
United Kingdom,GB,53.36540813,-2.72184767
United Republic of Tanzania,TZ,-6.37551085,34.85587302
United States Minor Outlying Islands,UM,19.46305694,177.9863109
United States of America,US,37.66895362,-102.3925645
United States Virgin Islands,VI,18.01000938,-64.7741141
Uruguay,UY,-32.49342987,-55.765833
Uzbekistan,UZ,41.30829147,62.6297096
Vanuatu,VU,-15.37256614,166.95916
Venezuela (Bolivarian Republic of),VE,5.98477766,-65.94152264
Viet Nam,VN,17.19931699,107.140128
Virgin Islands,VG,17.67004187,-64.7741101
Wallis and Futuna,WF,-14.29378486,-178.116498
Western Sahara,EH,24.79324356,-13.67683563
Yemen,YE,15.60865453,47.60453676
Zambia,ZM,-13.01812188,28.33274444
Zimbabwe,ZW,-19.00784952,30.18758584